<?xml version="1.0" encoding="UTF-8"?>
<!-- Copyright (c) 2018 Roku, Inc. All rights reserved. -->

<!-- @Public
    developer should extend BaseScene and work in it's context.
    Function show(args) should be overrided in channel.

    @Sample:
    // MainScene.xml
    <?xml version="1.0" encoding="UTF-8"?>
    <component name="MainScene" extends="BaseScene" >
        <script type="text/brightscript" uri="pkg:/components/MainScene.brs" />
    </component>

    // MainScene.brs
    sub Show(args)
        homeGrid = CreateObject("roSGNode", "GridView")
        homeGrid.content = GetContentNodeForHome() ' implemented by developer
        homeGrid.ObserveField("rowItemSelected","OnGridItemSelected")
        'this will trigger job to show this View
        m.top.ComponentController.callFunc("show", {
            view: homeGrid
        })
    end sub

-->
<component name="BaseScene" extends="Scene" xmlns:xsi="http://www.w3.org/2001/XMLSchema-instance" xsi:noNamespaceSchemaLocation="https://devtools.web.roku.com/schema/RokuSceneGraph.xsd">
    <interface>
        <!-- @ReadOnly -->
        <!-- reference to ComponentController node that is created and used inside library -->
        <field id="ComponentController" type="node" />
        <!-- @ReadOnly -->
        <!-- reference to ButtonBar node that is created and used inside the library -->
        <field id="buttonBar" type="node" />
        <!-- @WriteOnly -->
        <!-- Exits channel if set to true -->
        <field id="exitChannel" type="bool" alwaysNotify="true" />
        <!-- Deep linking launch arguments will be passed via this field to Show() function -->
        <field id="launch_args" type="assocarray" onChange="LaunchArgumentsReceived" />
        <!-- roInput deep linking arguments will be passed via this field to Input() function -->
        <field id="input_args" type="assocarray" onChange="InputArgumentsReceived" />
       
        <field id="theme" type="assocarray" alwaysNotify="true" />
        <!-- Field to update themes by passing the config
            Structure of config is same as for [theme](#basescene) field.
            You should only pass fields that should be updated not all theme fields.

            Note. if you want to change a lot of fields change them with as smaller amount of configs as you can, it wouldn't redraw views too often then.
        -->
        <field id="updateTheme" type="assocarray" alwaysNotify="true" />
        <!-- Store global theme parameters -->
        <field id="actualThemeParameters" type="assocarray" alwaysNotify="true" />
        <!-- Function that is used under the hood to create objects in channel context -->
        <function name="createObjectOnDemand"/>
    </interface>

    <script type="text/brightscript" uri="BaseScene.brs" />

    <children>
        <ComponentController
            id="ComponentController" />
    </children>
</component>
