<?xml version="1.0" encoding="UTF-8"?>
<component name="VistaPersonalizada" extends="Group" >
    <interface>
        <field id="text" type="string" />
    </interface>
    <script type = "text/brightscript" uri="pkg:/components/NonSGDEX/VideoMain/VideoMain.brs"/>
    <script type = "text/brightscript" uri="pkg:/components/OptionsViewLogic.brs"/>
    <children>
        <Group id="container">
            <VideoScreen id="VideoPlayer"/>
            <Consulta id="Consulta"/>
            <Options id="Options"/>
            <VideoOptions id="VideoOptions"/>
        </Group>
    </children>
</component>